{
  "loss": [
    2.2332000732421875,
    1.4999589920043945,
    1.280777096748352,
    1.1640338897705078,
    1.0878890752792358,
    1.0265562534332275,
    0.9730783700942993
  ],
  "val_loss": [
    1.2529531717300415,
    1.0104000568389893,
    0.9065649509429932,
    0.846173882484436,
    0.8050940036773682,
    0.7736243009567261,
    0.7488985657691956
  ],
  "accuracy": [
    0.45297691226005554,
    0.6096633672714233,
    0.6608712673187256,
    0.6897029876708984,
    0.7085676789283752,
    0.7254389524459839,
    0.7358812093734741
  ],
  "val_accuracy": [
    0.6705742478370667,
    0.7272475361824036,
    0.7521584033966064,
    0.7680395841598511,
    0.7773861289024353,
    0.7875643372535706,
    0.7941386103630066
  ]
}