{
  "final_val_loss": 0.7488990426063538,
  "final_val_accuracy": 0.7941386103630066,
  "final_val_accuracy_pct": 79.41386103630066
}